restaurant,item,calories,cal_fat,total_fat,sat_fat,trans_fat,cholesterol,sodium,total_carb,fiber,sugar,protein,vit_a,vit_c,calcium,salad
Mcdonalds,Artisan Grilled Chicken Sandwich,380,60,7,2.0,0.0,95,1110,44,3.0,11,37.0,4.0,20.0,20.0,Other
Mcdonalds,Single Bacon Smokehouse Burger,840,410,45,17.0,1.5,130,1580,62,2.0,18,46.0,6.0,20.0,20.0,Other
Mcdonalds,Double Bacon Smokehouse Burger,1130,600,67,27.0,3.0,220,1920,63,3.0,18,70.0,10.0,20.0,50.0,Other
Mcdonalds,Grilled Bacon Smokehouse Chicken Sandwich,750,280,31,10.0,0.5,155,1940,62,2.0,18,55.0,6.0,25.0,20.0,Other
Mcdonalds,Crispy Bacon Smokehouse Chicken Sandwich,920,410,45,12.0,0.5,120,1980,81,4.0,18,46.0,6.0,20.0,20.0,Other
Mcdonalds,Big Mac,540,250,28,10.0,1.0,80,950,46,3.0,9,25.0,10.0,2.0,15.0,Other
Mcdonalds,Cheeseburger,300,100,12,5.0,0.5,40,680,33,2.0,7,15.0,10.0,2.0,10.0,Other
Mcdonalds,Classic Chicken Sandwich,510,210,24,4.0,0.0,65,1040,49,3.0,6,25.0,0.0,4.0,2.0,Other
Mcdonalds,Double Cheeseburger,430,190,21,11.0,1.0,85,1040,35,2.0,7,25.0,20.0,4.0,15.0,Other
Mcdonalds,Double Quarter Pounder® with Cheese,770,400,45,21.0,2.5,175,1290,42,3.0,10,51.0,20.0,6.0,20.0,Other
Mcdonalds,Filet-O-Fish®,380,170,18,4.0,0.0,40,640,38,2.0,5,15.0,2.0,0.0,15.0,Other
Mcdonalds,Garlic White Cheddar Burger,620,300,34,13.0,1.5,95,790,48,3.0,11,32.0,10.0,10.0,35.0,Other
Mcdonalds,Grilled Garlic White Cheddar Chicken Sandwich,530,180,20,7.0,0.0,125,1150,48,3.0,11,42.0,10.0,20.0,35.0,Other
Mcdonalds,Crispy Garlic White Cheddar Chicken Sandwich,700,300,34,9.0,0.0,85,1190,67,5.0,11,33.0,10.0,15.0,35.0,Other
Mcdonalds,Hamburger,250,70,8,3.0,0.0,30,480,31,2.0,6,13.0,2.0,2.0,4.0,Other
Mcdonalds,Lobster Roll,290,50,5,1.5,0.0,65,630,35,2.0,3,24.0,4.0,6.0,15.0,Other
Mcdonalds,Maple Bacon Dijon 1/4 lb Burger,640,330,36,14.0,1.5,110,1260,40,3.0,10,37.0,6.0,15.0,15.0,Other
Mcdonalds,Grilled Maple Bacon Dijon Chicken Sandwich,580,190,21,8.0,0.0,135,1890,50,3.0,14,48.0,4.0,30.0,30.0,Other
Mcdonalds,Crispy Maple Bacon Dijon Chicken Sandwich,740,310,35,9.0,0.5,95,1780,69,5.0,14,39.0,4.0,20.0,290.0,Other
Mcdonalds,McChicken,350,130,15,3.5,0.0,40,600,40,2.0,5,15.0,2.0,2.0,4.0,Other
Mcdonalds,McDouble,380,160,18,8.0,1.0,70,840,34,2.0,7,23.0,10.0,2.0,10.0,Other
Mcdonalds,McRib,480,200,22,7.0,0.0,80,870,45,2.0,12,25.0,2.0,2.0,6.0,Other
Mcdonalds,Pico Guacamole 1/4 lb Burger,580,300,33,12.0,1.5,95,920,41,4.0,7,29.0,8.0,15.0,15.0,Other
Mcdonalds,Grilled Pico Guacamole Chicken Sandwich,520,160,18,6.0,0.0,115,1540,50,4.0,12,40.0,8.0,25.0,30.0,Other
Mcdonalds,Crispy Pico Guacamole Chicken Sandwich,680,280,32,7.0,0.0,80,1430,69,6.0,12,31.0,8.0,15.0,30.0,Other
Mcdonalds,Premium Buttermilk Crispy Chicken Deluxe Sandwich,570,200,23,5.0,0.0,60,1050,64,4.0,11,28.0,4.0,10.0,20.0,Other
Mcdonalds,Premium Crispy Chicken Deluxe Sandwich,530,200,22,4.0,0.0,45,1000,59,3.0,13,25.0,6.0,10.0,20.0,Other
Mcdonalds,Quarter Pounder® with Cheese,530,240,27,13.0,1.5,100,1090,41,3.0,10,31.0,20.0,6.0,15.0,Other
Mcdonalds,Signature Sriracha Burger,670,320,35,12.0,1.5,95,1010,56,4.0,13,32.0,20.0,15.0,30.0,Other
Mcdonalds,Grilled Signature Sriracha Chicken Sandwich,560,180,20,5.0,0.0,115,1550,56,4.0,14,41.0,20.0,25.0,30.0,Other
Mcdonalds,Crispy Signature Sriracha Chicken Sandwich,730,300,33,7.0,0.0,80,1430,75,5.0,13,32.0,20.0,20.0,30.0,Other
Mcdonalds,Sweet BBQ Bacon 1/4 lb Burger,690,340,37,14.0,1.5,110,1310,51,3.0,14,38.0,6.0,15.0,15.0,Other
Mcdonalds,Grilled Sweet BBQ Bacon Chicken Sandwich,630,200,22,7.0,0.0,135,1930,61,4.0,18,48.0,4.0,30.0,25.0,Other
Mcdonalds,Crispy Sweet BBQ Bacon Chicken Sandwich,800,320,36,9.0,0.5,95,1820,80,5.0,18,39.0,4.0,20.0,30.0,Other
Mcdonalds,3 piece Buttermilk Crispy Chicken Tenders,370,190,21,3.5,0.0,70,910,16,0.0,0,28.0,0.0,0.0,2.0,Other
Mcdonalds,4 piece Buttermilk Crispy Chicken Tenders,480,250,28,4.5,0.0,95,1290,21,0.0,1,38.0,0.0,0.0,2.0,Other
Mcdonalds,6 piece Buttermilk Crispy Chicken Tenders,760,390,44,8.0,0.5,145,1890,32,1.0,1,58.0,0.0,0.0,2.0,Other
Mcdonalds,10 piece Buttermilk Crispy Chicken Tenders,1210,630,70,12.0,1.0,240,3230,52,1.0,4,94.0,0.0,0.0,4.0,Other
Mcdonalds,12 piece Buttermilk Crispy Chicken Tenders,1510,790,88,15.0,1.0,295,3770,64,1.0,2,115.0,0.0,2.0,6.0,Other
Mcdonalds,20 piece Buttermilk Crispy Chicken Tenders,2430,1270,141,24.0,2.0,475,6080,103,2.0,3,186.0,0.0,2.0,8.0,Other
Mcdonalds,4 Piece Chicken McNuggets,180,100,11,2.0,0.0,30,340,11,1.0,0,10.0,0.0,2.0,0.0,Other
Mcdonalds,6 Piece Chicken McNuggets,270,140,16,2.5,0.0,45,510,16,1.0,0,15.0,0.0,2.0,0.0,Other
Mcdonalds,10 Piece Chicken McNuggets,440,240,27,4.5,0.0,75,840,26,2.0,0,24.0,0.0,4.0,2.0,Other
Mcdonalds,20 Piece Chicken McNuggets,890,480,53,9.0,0.0,145,1680,53,4.0,0,49.0,0.0,8.0,4.0,Other
Mcdonalds,40 piece Chicken McNuggets,1770,960,107,18.0,0.5,295,3370,105,7.0,1,98.0,0.0,15.0,6.0,Other
Mcdonalds,4 piece Sweet N' Spicy Honey BBQ Glazed Tenders,640,240,27,4.0,0.0,105,1780,63,2.0,35,39.0,4.0,15.0,4.0,Other
Mcdonalds,6 piece Sweet N' Spicy Honey BBQ Glazed Tenders,960,360,40,6.0,0.0,160,2670,94,3.0,52,58.0,4.0,25.0,8.0,Other
Mcdonalds,10 piece Sweet N' Spicy Honey BBQ Glazed Tenders,1600,600,66,10.0,0.0,265,4450,156,5.0,87,97.0,8.0,40.0,10.0,Other
Mcdonalds,Premium Asian Salad w/o Chicken,140,70,7,0.5,0.0,0,20,13,5.0,7,7.0,180.0,45.0,10.0,Other
Mcdonalds,Premium Asian Salad w/ Grilled Chicken,270,80,9,1.0,0.0,80,740,18,5.0,10,31.0,180.0,70.0,10.0,Other
Mcdonalds,Premium Asian Salad w/ Crispy Chicken,490,250,28,8.0,0.0,95,1120,28,4.0,4,33.0,180.0,60.0,15.0,Other
Mcdonalds,Premium Bacon Ranch Salad w/o Chicken,190,110,12,5.0,0.0,40,660,9,3.0,3,14.0,180.0,50.0,15.0,Other
Mcdonalds,Premium Bacon Ranch Salad w/ Grilled Chicken,320,120,14,6.0,0.0,45,1230,9,3.0,4,42.0,180.0,60.0,15.0,Other
Mcdonalds,Premium Bacon Ranch Salad w/ Crispy Chicken,490,250,28,8.0,0.0,95,1120,28,4.0,4,33.0,180.0,60.0,15.0,Other
Mcdonalds,Premium Southwest Salad w/o Chicken,220,90,10,3.5,0.0,15,500,26,6.0,9,8.0,180.0,40.0,20.0,Other
Mcdonalds,Premium Southwest Salad w/ Grilled Chicken,350,100,12,4.5,0.0,110,1070,27,6.0,9,37.0,180.0,50.0,20.0,Other
Mcdonalds,Premium Southwest Salad w/ Crispy Chicken,520,230,25,6.0,0.0,75,960,46,8.0,9,28.0,180.0,40.0,20.0,Other
Chick Fil-A,Chargrilled Chicken Club Sandwich,430,144,16,8.0,0.0,85,1120,37,3.0,7,37.0,30.0,40.0,25.0,Other
Chick Fil-A,Chargrilled Chicken Sandwich,310,54,6,2.0,0.0,55,820,36,3.0,7,29.0,25.0,40.0,10.0,Other
Chick Fil-A,1 Piece Chick-n-Strips,120,54,6,3.0,0.0,25,320,6,0.0,1,11.0,0.0,0.0,2.0,Other
Chick Fil-A,2 Piece Chick-n-Strips,230,108,12,3.0,0.0,55,630,13,1.0,1,22.0,0.0,2.0,4.0,Other
Chick Fil-A,3 Piece Chick-n-Strips,350,153,17,3.0,0.0,70,940,22,1.0,3,28.0,2.0,2.0,6.0,Other
Chick Fil-A,4 piece Chick-n-Strips,470,207,23,3.0,0.0,90,1250,29,1.0,4,37.0,2.0,4.0,8.0,Other
Chick Fil-A,Chicken Deluxe,500,207,23,7.0,0.0,75,1590,42,3.0,6,31.0,30.0,10.0,20.0,Other
Chick Fil-A,4 piece Chicken Nuggets,130,54,6,1.5,0.0,40,490,5,1.0,0,14.0,0.0,2.0,2.0,Other
Chick Fil-A,6 piece Chicken Nuggets,190,81,9,1.5,0.0,55,730,7,1.0,0,21.0,0.0,4.0,2.0,Other
Chick Fil-A,8 piece Chicken Nuggets,260,110,12,3.0,0.0,70,990,9,1.0,1,28.0,0.0,2.0,4.0,Other
Chick Fil-A,12 piece Chicken Nuggets,390,162,18,1.5,0.0,115,1460,14,2.0,1,41.0,0.0,8.0,4.0,Other
Chick Fil-A,Chicken Salad Sandwich,490,170,19,3.0,0.0,80,1130,55,5.0,12,28.0,35.0,8.0,15.0,Other
Chick Fil-A,Chicken Sandwich,440,171,19,4.0,0.0,60,1350,40,2.0,5,28.0,2.0,4.0,15.0,Other
Chick Fil-A,4 Piece Grilled Chicken Nuggets,70,18,2,1.0,0.0,35,220,1,0.0,0,13.0,0.0,6.0,0.0,Other
Chick Fil-A,6 Piece Grilled Chicken Nuggets,110,27,3,1.0,0.0,50,330,2,0.0,0,19.0,0.0,8.0,0.0,Other
Chick Fil-A,8 piece Grilled Chicken Nuggets,140,36,4,1.0,0.0,70,440,2,0.0,0,25.0,0.0,10.0,2.0,Other
Chick Fil-A,12 Piece Grilled Chicken Nuggets,210,45,5,1.0,0.0,100,670,3,0.0,1,38.0,0.0,20.0,2.0,Other
Chick Fil-A,Smokehouse BBQ Bacon Sandwich,500,162,18,0.0,0.0,95,1200,46,2.0,10,33.0,45.0,40.0,20.0,Other
Chick Fil-A,Spicy Chicken Sandwich,450,171,19,4.0,0.0,60,1620,41,1.0,5,29.0,4.0,2.0,15.0,Other
Chick Fil-A,Spicy Deluxe,540,225,25,8.0,0.0,80,1760,43,2.0,6,34.0,30.0,10.0,30.0,Other
Chick Fil-A,Chargrilled Chicken Cool Wrap,350,126,14,5.0,0.0,60,960,29,15.0,3,37.0,60.0,35.0,35.0,Other
Sonic,Hatch Green Chile Cheeseburger,710,380,43,17.0,2.0,120,1120,44,2.0,7,35.0,10.0,25.0,30.0,Other
Sonic,Jalapeno Burger,640,330,37,14.0,2.0,100,930,42,2.0,6,31.0,4.0,2.0,20.0,Other
Sonic,Jr. Burger,340,150,17,6.0,1.0,35,640,34,1.0,6,15.0,2.0,4.0,6.0,Other
Sonic,Jr. Chili Cheeseburger,410,220,24,9.0,0.5,55,730,32,1.0,4,20.0,7.0,1.0,15.0,Other
Sonic,Jr. Deluxe Burger,380,200,23,6.0,1.0,40,470,32,1.0,4,15.0,2.0,4.0,6.0,Other
Sonic,Jr. Deluxe Cheeseburger,450,250,28,9.0,1.0,60,800,33,1.0,4,19.0,6.0,4.0,15.0,Other
Sonic,Jr. Double Cheeseburger,600,350,38,16.0,2.0,110,1350,35,1.0,7,31.0,15.0,4.0,25.0,Other
Sonic,Sonic Bacon Cheeseburger (w/mayo),870,530,59,20.0,2.0,140,1350,45,2.0,7,39.0,10.0,8.0,30.0,Other
Sonic,Sonic Burger W/ Mustard,640,330,37,14.0,2.0,100,790,43,2.0,7,31.0,6.0,8.0,20.0,Other
Sonic,Sonic Burger W/ Ketchup,650,340,37,14.0,2.0,100,860,46,2.0,10,32.0,8.0,10.0,20.0,Other
Sonic,Sonic Burger W/ Mayonnaise,740,430,48,15.0,2.0,110,760,44,2.0,7,31.0,6.0,8.0,20.0,Other
Sonic,Sonic Cheeseburger W/ Mustard,710,380,43,17.0,2.0,120,1120,43,2.0,7,35.0,10.0,8.0,30.0,Other
Sonic,Sonic Cheeseburger W/ Ketchup,720,380,43,17.0,2.0,120,1190,47,2.0,10,35.0,15.0,10.0,30.0,Other
Sonic,Sonic Cheeseburger W/ Mayonnaise,800,480,54,18.0,2.0,130,1090,44,2.0,7,35.0,10.0,8.0,30.0,Other
Sonic,Super Sonic Bacon Double Cheeseburger (w/mayo),1280,830,92,36.0,4.0,260,1630,44,2.0,7,67.0,15.0,6.0,40.0,Other
Sonic,Super Sonic Double Cheeseburger W/ Mustard,1120,680,76,32.0,4.0,235,1550,44,2.0,8,63.0,15.0,8.0,40.0,Other
Sonic,Super Sonic Double Cheeseburger W/ Ketchup,1130,680,76,32.0,4.0,235,1620,47,2.0,11,63.0,20.0,10.0,40.0,Other
Sonic,Super Sonic Double Cheeseburger W/ Mayo,1220,780,87,34.0,4.0,245,1520,45,2.0,8,63.0,15.0,8.0,40.0,Other
Sonic,Super Sonic Jalapeno Double Cheeseburger,1120,680,76,32.0,4.0,235,1690,43,2.0,7,63.0,15.0,2.0,40.0,Other
Sonic,Veggie Burger W/ Ketchup,450,130,14,4.0,0.0,10,1410,67,5.0,11,15.0,6.0,8.0,25.0,Other
Sonic,Veggie Burger With Mustard,450,130,14,4.0,0.0,10,1350,64,5.0,8,15.0,6.0,8.0,27.0,Other
Sonic,Veggie Burger W/ Mustard,450,130,14,4.0,0.0,10,1300,64,5.0,8,15.0,6.0,8.0,25.0,Other
Sonic,Grilled Asiago Caesar Chicken Club Sandwich,610,270,30,7.0,0.0,110,1570,44,3.0,8,40.0,11.0,20.0,16.0,Other
Sonic,Crispy Asiago Caesar Chicken Club Sandwich,680,350,39,9.0,0.0,80,1120,53,4.0,7,31.0,11.0,7.0,16.0,Other
Sonic,Grilled Chicken Sandwich,430,180,20,4.0,0.0,80,940,33,2.0,6,28.0,6.0,8.0,10.0,Other
Sonic,Crispy Chicken Sandwich,570,300,33,5.0,0.0,45,1060,47,4.0,6,23.0,6.0,8.0,10.0,Other
Sonic,Chicken Strip Sandwich,450,220,24,4.0,0.0,35,740,43,1.0,4,19.0,0.0,0.0,4.0,Other
Sonic,Deluxe Ultimate Chicken Sandwich,740,350,39,8.0,0.0,90,1550,63,4.0,12,33.0,10.0,8.0,15.0,Other
Sonic,Small Jumbo Popcorn Chicken,380,190,22,4.0,0.0,45,1250,27,3.0,1,18.0,0.0,0.0,2.0,Other
Sonic,Large Jumbo Popcorn Chicken,560,290,32,6.0,1.0,65,1890,41,5.0,2,27.0,0.0,0.0,4.0,Other
Sonic,Small Spicy Jumbo Popcorn Chicken,350,150,17,3.0,0.0,45,860,30,2.0,0,21.0,10.0,0.0,2.0,Other
Sonic,Large Spicy Jumbo Popcorn Chicken,610,270,30,5.0,0.0,80,1500,51,3.0,0,36.0,17.0,0.0,3.0,Other
Sonic,3 Piece Super Crunch Chicken Strip Dinner,970,410,46,8.0,1.0,55,2160,109,7.0,9,30.0,1.0,6.0,13.0,Other
Sonic,4 Piece Super Crunch Chicken Strip Dinner,1080,460,51,9.0,1.0,75,2390,118,8.0,9,37.0,1.0,7.0,13.0,Other
Sonic,5 Piece Super Crunch Chicken Strip Dinner,1190,510,57,10.0,1.0,90,2610,126,8.0,9,44.0,2.0,8.0,14.0,Other
Sonic,3 Piece Super Crunch Chicken Strips,330,140,16,3.0,0.0,55,670,25,2.0,0,22.0,1.0,2.0,1.0,Other
Sonic,4 Piece Super Crunch Chicken Strips,440,190,21,4.0,0.0,70,900,34,2.0,1,29.0,1.0,2.0,1.0,Other
Sonic,5 Piece Super Crunch Chicken Strips,550,240,26,5.0,0.0,90,1120,42,3.0,1,36.0,1.0,3.0,2.0,Other
Sonic,Traditional Ultimate Chicken Sandwich,730,350,39,8.0,0.0,90,1540,62,3.0,11,32.0,4.0,2.0,15.0,Other
Sonic,Ultimate Chicken Club,100,580,64,15.0,0.5,100,2070,65,4.0,12,39.0,15.0,8.0,30.0,Other
Sonic,"All Beef All-american Style Dog – 6""",370,160,18,7.0,0.0,40,1180,40,1.0,15,12.0,2.0,4.0,8.0,Other
Sonic,"All Beef Chicago Dog – 6""",430,180,20,7.0,0.0,40,2310,49,1.0,17,14.0,4.0,6.0,10.0,Other
Sonic,"All Beef Chili Cheese Coney – 6""",410,230,26,11.0,0.0,65,1140,30,2.0,4,17.0,10.0,2.0,20.0,Other
Sonic,"All Beef New York Dog – 6""",340,170,19,7.0,0.0,40,1250,30,3.0,4,13.0,2.0,10.0,8.0,Other
Sonic,"All Beef Regular Hot Dog – 6""",320,160,18,7.0,0.0,40,870,27,1.0,3,11.0,0.0,2.0,8.0,Other
Sonic,Cheesy Bacon Pretzel Dog - 6 In.,500,240,26,10.0,0.0,50,1410,46,2.0,7,15.0,1.0,3.0,8.0,Other
Sonic,Corn Dog,210,100,11,4.0,0.0,20,530,23,2.0,4,6.0,0.0,0.0,4.0,Other
Sonic,Footlong Quarter Pound Coney,830,490,54,22.0,1.0,85,1940,54,3.0,9,30.0,15.0,4.0,30.0,Other
Sonic,The Original Pretzel Dog,320,160,18,7.0,0.0,35,910,27,1.0,2,11.0,0.0,0.0,4.0,Other
Arbys,Arby's Melt,330,100,11,4.0,0.0,30,920,40,2.0,5,18.0,2.0,0.0,8.0,Other
Arbys,Arby-Q Sandwich,400,90,10,3.0,0.0,30,1230,58,3.0,23,18.0,4.0,10.0,10.0,Other
Arbys,Beef 'n Cheddar Classic,450,180,20,6.0,1.0,50,1280,45,2.0,9,23.0,2.0,2.0,15.0,Other
Arbys,Beef 'n Cheddar Mid,630,290,32,11.0,1.5,100,2100,48,2.0,9,39.0,2.0,2.0,15.0,Other
Arbys,Classic French Dip & Swiss/Au Jus,540,210,23,11.0,1.0,85,2500,50,2.0,3,35.0,2.0,8.0,15.0,Other
Arbys,Classic Roast Beef,360,120,14,5.0,0.5,50,970,37,2.0,5,23.0,0.0,0.0,6.0,Other
Arbys,Double Roast Beef,510,210,24,9.0,1.5,95,1610,38,2.0,5,38.0,0.0,0.0,6.0,Other
Arbys,Grand Turkey Club,480,220,24,7.0,0.0,65,1610,37,2.0,9,30.0,15.0,10.0,15.0,Other
Arbys,Ham & Swiss Melt,300,80,9,4.0,0.0,35,1030,37,2.0,6,18.0,2.0,0.0,15.0,Other
Arbys,Pecan Chicken Salad Sandwich,840,400,44,6.0,0.5,75,1210,81,6.0,20,33.0,10.0,8.0,25.0,Other
Arbys,2 piece Prime-Cut Chicken Tenders,240,100,11,1.5,0.0,30,640,19,1.0,0,16.0,0.0,0.0,2.0,Other
Arbys,3 piece Prime-Cut Chicken Tenders,360,150,17,2.5,0.0,45,950,28,2.0,0,23.0,0.0,4.0,2.0,Other
Arbys,5 piece Prime-Cut Chicken Tenders,600,250,28,4.0,0.0,75,1590,47,3.0,0,39.0,0.0,8.0,2.0,Other
Arbys,Reuben Sandwich,680,280,31,8.0,0.5,80,2420,62,4.0,5,37.0,6.0,20.0,35.0,Other
Arbys,Roast Beef Gyro,550,260,29,7.0,1.0,60,1290,48,3.0,5,24.0,10.0,15.0,10.0,Other
Arbys,Roast Turkey & Swiss Sandwich,710,260,28,7.0,0.0,65,1930,79,5.0,15,38.0,20.0,10.0,45.0,Other
Arbys,Roast Turkey & Swiss Wrap,520,240,27,9.0,0.0,65,1640,39,4.0,6,30.0,20.0,10.0,35.0,Other
Arbys,"Roast Turkey, Ranch & Bacon Sandwich",800,310,34,10.0,0.5,80,2420,79,5.0,16,45.0,20.0,10.0,45.0,Other
Arbys,"Roast Turkey, Ranch & Bacon Wrap",620,310,34,11.0,0.5,85,2130,39,4.0,6,37.0,20.0,10.0,30.0,Other
Arbys,Smokehouse Brisket,600,310,35,12.0,1.0,110,1240,42,2.0,7,33.0,4.0,8.0,20.0,Other
Arbys,Super Roast Beef,430,160,17,5.0,1.0,45,1060,45,3.0,11,23.0,10.0,10.0,8.0,Other
Arbys,Turkey Gyro,470,180,20,3.5,0.0,45,1520,48,3.0,5,25.0,10.0,15.0,10.0,Other
Arbys,Chopped Side Salad,70,45,5,2.5,0.0,15,100,4,1.0,2,5.0,35.0,10.0,10.0,Other
Arbys,Crispy Chicken Farmhouse Salad,430,220,24,8.0,0.0,65,1000,26,4.0,4,28.0,60.0,20.0,25.0,Other
Arbys,Roast Turkey Farmhouse Salad,230,120,13,7.0,0.0,55,870,8,2.0,5,22.0,60.0,20.0,25.0,Other
Dairy Queen,1/2 lb. FlameThrower® GrillBurger,1000,660,74,26.0,2.0,170,1610,40,2.0,9,46.0,25.0,8.0,30.0,Other
Dairy Queen,1/2 lb. GrillBurger with Cheese,800,460,51,20.0,2.0,135,1280,44,3.0,13,40.0,25.0,6.0,35.0,Other
Dairy Queen,1/4 lb. Bacon Cheese GrillBurger,630,330,37,13.0,1.0,95,1250,44,2.0,13,30.0,20.0,6.0,25.0,Other
Dairy Queen,1/4 lb. GrillBurger with Cheese,540,270,30,11.0,1.0,70,1020,44,3.0,13,23.0,20.0,6.0,25.0,Other
Dairy Queen,1/4 lb. Mushroom Swiss GrillBurger,570,310,35,11.0,1.0,75,820,39,2.0,8,24.0,2.0,0.0,25.0,Other
Dairy Queen,Original Cheeseburger,400,160,18,9.0,1.0,65,930,34,1.0,8,19.0,10.0,0.0,10.0,Other
Dairy Queen,Original Double Cheeseburger,630,310,34,18.0,2.0,125,1240,34,1.0,9,34.0,15.0,0.0,20.0,Other
Dairy Queen,4 Piece Chicken Strip Basket w/ Country Gravy,1030,480,53,9.0,1.0,80,2780,105,9.0,4,35.0,2.0,0.0,10.0,Other
Dairy Queen,6 Piece Chicken Strip Basket w/ Country Gravy,1260,590,66,11.0,1.0,120,3500,121,12.0,4,49.0,2.0,0.0,10.0,Other
Dairy Queen,Chili Cheese Dog,380,220,24,11.0,1.0,55,900,23,1.0,3,16.0,10.0,0.0,15.0,Other
Dairy Queen,Chili Dog,330,180,20,8.0,1.0,40,1050,24,1.0,5,13.0,8.0,0.0,6.0,Other
Dairy Queen,Hot Dog,290,160,17,7.0,1.0,35,900,22,1.0,4,11.0,4.0,0.0,6.0,Other
Dairy Queen,Barbecue Pork Sandwich,310,80,9,3.0,0.0,50,830,41,2.0,9,17.0,10.0,4.0,4.0,Other
Dairy Queen,Breaded Mushrooms,250,80,9,1.0,0.0,0,500,36,2.0,1,7.0,0.0,2.0,2.0,Other
Dairy Queen,Regular Cheese Curds,550,410,45,25.0,0.0,150,900,0,0.0,0,35.0,30.0,0.0,100.0,Other
Dairy Queen,Corn Dog,260,140,15,4.0,0.0,20,450,26,1.0,7,6.0,0.0,4.0,0.0,Other
Dairy Queen,Crispy Fish Sandwich,470,200,22,3.0,0.0,20,1210,53,2.0,7,17.0,10.0,2.0,6.0,Other
Dairy Queen,Deluxe Cheeseburger,400,160,18,9.0,1.0,65,930,35,1.0,9,20.0,20.0,6.0,10.0,Other
Dairy Queen,Deluxe Double Cheeseburger,640,310,34,18.0,2.0,125,1240,35,1.0,9,34.0,25.0,6.0,20.0,Other
Dairy Queen,Deluxe Double Hamburger,540,240,26,13.0,1.0,100,750,34,1.0,9,29.0,15.0,6.0,4.0,Other
Dairy Queen,Deluxe Hamburger,350,130,14,7.0,1.0,50,680,34,1.0,9,17.0,15.0,6.0,4.0,Other
Dairy Queen,DQ Ultimate® Burger,780,430,48,22.0,2.0,150,1390,34,1.0,7,41.0,20.0,6.0,20.0,Other
Dairy Queen,Crispy Chicken Sandwich,600,270,30,5.0,0.0,55,1250,59,7.0,8,24.0,10.0,6.0,15.0,Other
Dairy Queen,Crispy Chicken Wrap,350,190,21,5.0,0.0,35,820,30,2.0,1,12.0,10.0,2.0,10.0,Other
Dairy Queen,Grilled Chicken Sandwich,360,140,15,3.0,0.0,50,1040,32,1.0,5,25.0,10.0,8.0,6.0,Other
Dairy Queen,Grilled Chicken Wrap,280,130,15,4.0,0.0,30,800,22,1.0,1,15.0,10.0,4.0,10.0,Other
Dairy Queen,Side Salad,20,0,0,0.0,0.0,0,15,5,2.0,3,1.0,50.0,30.0,15.0,Other
Subway,"6"" B.L.T.",320,80,9,4.0,0.0,20,680,43,5.0,6,15.0,8.0,8.0,30.0,Other
Subway,Footlong B.L.T.,640,160,18,8.0,0.0,40,1360,86,10.0,12,30.0,16.0,16.0,60.0,Other
Subway,"6"" BBQ Rib Sandwich",430,160,18,6.0,0.0,50,590,47,5.0,8,19.0,8.0,20.0,30.0,Other
Subway,Footlong BBQ Rib Sandwich,860,320,36,12.0,0.0,100,1180,94,10.0,16,38.0,16.0,40.0,60.0,Other
Subway,"6"" Big Hot Pastrami",580,310,31,11.0,0.0,85,1470,47,5.0,7,29.0,10.0,45.0,40.0,Other
Subway,Footlong Big Hot Pastrami,1160,620,62,22.0,0.0,170,2940,94,10.0,14,58.0,20.0,90.0,80.0,Other
Subway,"6"" Big Philly Cheesesteak",500,150,17,9.0,1.0,85,1310,51,6.0,8,38.0,15.0,20.0,50.0,Other
Subway,Footlong Big Philly Cheesesteak,1000,300,34,18.0,2.0,170,2620,102,12.0,16,76.0,30.0,40.0,100.0,Other
Subway,Kids Mini Sub Black Forest Ham,180,20,3,0.5,0.0,10,450,30,3.0,5,10.0,6.0,15.0,20.0,Other
Subway,"6"" Black Forest Ham",290,40,5,1.0,0.0,20,830,46,5.0,8,18.0,8.0,20.0,30.0,Other
Subway,Footlong Black Forest Ham,580,80,10,2.0,0.0,40,1660,92,10.0,16,36.0,16.0,40.0,60.0,Other
Subway,"6"" Carved Turkey",330,45,5,1.0,0.0,45,890,45,5.0,7,25.0,8.0,20.0,30.0,Other
Subway,Footlong Carved Turkey,660,90,10,2.0,0.0,90,1780,90,10.0,14,50.0,16.0,40.0,60.0,Other
Subway,"6"" Carved Turkey & Bacon w/ Cheese",570,230,26,7.0,0.0,70,1600,46,5.0,8,33.0,10.0,20.0,40.0,Other
Subway,Footlong Carved Turkey & Bacon w/ Cheese,1140,460,52,14.0,0.0,140,3200,92,10.0,16,66.0,20.0,40.0,80.0,Other
Subway,"6"" Chicken & Bacon Ranch Melt",570,250,28,10.0,1.0,95,1080,47,5.0,8,35.0,15.0,25.0,50.0,Other
Subway,Footlong Chicken & Bacon Ranch Melt,1140,500,56,20.0,2.0,190,2160,94,10.0,16,70.0,30.0,50.0,100.0,Other
Subway,"6"" Chicken Pizziola Melt",460,140,16,6.0,0.0,80,1140,49,6.0,9,32.0,15.0,30.0,45.0,Other
Subway,Footlong Chicken Pizziola Melt,920,280,32,12.0,0.0,160,2280,98,12.0,18,64.0,30.0,60.0,90.0,Other
Subway,"6"" Cold Cut Combo",370,120,13,4.0,0.0,50,1140,46,5.0,7,18.0,10.0,20.0,35.0,Other
Subway,Footlong Cold Cut Combo,740,240,26,8.0,0.0,100,2280,92,10.0,14,36.0,20.0,40.0,70.0,Other
Subway,"6"" Corned Beef Reuben",470,130,15,4.5,0.0,85,1770,45,7.0,12,39.0,10.0,35.0,20.0,Other
Subway,Footlong Corned Beef Reuben,940,260,30,9.0,0.0,170,3540,90,14.0,24,78.0,20.0,70.0,40.0,Other
Subway,"6"" Italian B.M.T.",410,150,16,6.0,0.0,45,1300,46,5.0,8,20.0,8.0,20.0,30.0,Other
Subway,Footlong Italian B.M.T.,820,300,32,12.0,0.0,90,2600,92,10.0,16,40.0,16.0,40.0,60.0,Other
Subway,"6"" Italian Hero",550,260,29,10.0,0.0,75,1470,47,5.0,9,26.0,10.0,20.0,40.0,Other
Subway,Footlong Italian Hero,1100,520,58,20.0,0.0,150,2940,94,10.0,18,52.0,20.0,40.0,80.0,Other
Subway,"6"" Meatball Marinara",480,160,18,7.0,1.0,30,950,59,8.0,12,21.0,25.0,35.0,35.0,Other
Subway,Footlong Meatball Marinara,960,320,36,14.0,2.0,60,1900,118,16.0,24,42.0,50.0,70.0,70.0,Other
Subway,"6"" Oven Roasted Chicken",320,40,5,2.0,0.0,25,640,47,5.0,8,23.0,8.0,30.0,30.0,Other
Subway,Footlong Oven Roasted Chicken,640,80,10,4.0,0.0,50,1280,44,10.0,16,46.0,16.0,60.0,60.0,Other
Subway,Kids Mini Sub Roast Beef,200,25,3,1.0,0.0,25,390,30,4.0,5,14.0,6.0,15.0,20.0,Other
Subway,"6"" Roast Beef",320,40,5,2.0,0.0,40,700,45,5.0,7,24.0,8.0,20.0,30.0,Other
Subway,Footlong Roast Beef,640,80,10,4.0,0.0,80,1400,90,10.0,14,48.0,16.0,40.0,60.0,Other
Subway,"6"" Rotisserie Style Chicken",350,50,6,1.5,0.0,50,540,44,5.0,7,29.0,8.0,20.0,30.0,Other
Subway,Footlong Rotisserie Style Chicken,700,100,12,3.0,0.0,100,1080,88,10.0,14,58.0,16.0,40.0,60.0,Other
Subway,"6"" Spicy Italian",480,220,24,9.0,1.0,50,1520,46,5.0,8,20.0,8.0,20.0,30.0,Other
Subway,Footlong Spicy Italian,960,440,48,18.0,2.0,100,3040,92,10.0,16,40.0,16.0,40.0,60.0,Other
Subway,"6"" Steak and Cheese",380,90,10,5.0,0.0,50,1060,48,5.0,8,26.0,10.0,20.0,40.0,Other
Subway,Footlong Steak and Cheese,760,180,20,10.0,0.0,100,2120,96,10.0,16,52.0,20.0,40.0,80.0,Other
Subway,"6"" Subway Club",310,40,5,2.0,0.0,40,880,46,5.0,7,23.0,8.0,20.0,30.0,Other
Subway,Footlong Subway Club,620,80,10,4.0,0.0,80,1760,92,10.0,14,46.0,16.0,40.0,60.0,Other
Subway,"6"" Subway Melt (includes cheese)",370,100,11,5.0,0.0,45,1210,47,5.0,8,23.0,10.0,20.0,40.0,Other
Subway,Footlong Subway Melt (includes cheese),740,200,22,10.0,0.0,90,1420,94,10.0,16,46.0,20.0,40.0,80.0,Other
Subway,"6"" Subway Seafood Sensation",420,170,19,3.0,0.0,20,690,51,5.0,8,13.0,10.0,20.0,35.0,Other
Subway,Footlong Subway Seafood Sensation,840,340,38,6.0,0.0,40,1380,102,10.0,16,26.0,20.0,40.0,70.0,Other
Subway,"6"" Sweet Onion Chicken Teriyaki",380,40,5,1.0,0.0,50,900,59,5.0,18,26.0,8.0,30.0,35.0,Other
Subway,Footlong Sweet Onion Chicken Teriyaki,760,80,10,2.0,0.0,100,1800,118,10.0,36,52.0,16.0,60.0,70.0,Other
Subway,"6"" Tuna",470,210,24,4.0,0.0,30,620,44,5.0,6,20.0,8.0,20.0,30.0,Other
Subway,Footlong Tuna,940,420,48,8.0,0.0,60,1240,88,10.0,12,40.0,16.0,40.0,60.0,Other
Subway,"6"" Turkey & Bacon Avocado",390,110,13,3.5,0.0,30,860,49,8.0,7,22.0,10.0,200.0,30.0,Other
Subway,Footlong Turkey & Bacon Avocado,780,220,26,7.0,0.0,60,1720,98,16.0,14,44.0,20.0,400.0,60.0,Other
Subway,Kids Mini Sub Turkey Breast,180,20,2,0.5,0.0,10,380,30,3.0,5,10.0,6.0,15.0,20.0,Other
Subway,"6"" Turkey Breast",280,30,4,1.0,0.0,20,810,46,5.0,7,18.0,8.0,20.0,30.0,Other
Subway,Footlong Turkey Breast,560,60,8,2.0,0.0,40,1620,92,10.0,14,36.0,16.0,40.0,60.0,Other
Subway,"6"" Turkey Breast & Ham",280,35,4,1.0,0.0,20,820,46,5.0,8,18.0,8.0,20.0,30.0,Other
Subway,Footlong Turkey Breast & Ham,560,70,8,2.0,0.0,40,1640,92,10.0,16,36.0,16.0,40.0,60.0,Other
Subway,"6"" Turkey Italiano Melt (with Provolone)",490,210,24,9.0,1.0,50,1480,47,5.0,8,24.0,10.0,20.0,45.0,Other
Subway,Footlong Turkey Italiano Melt (with Provolone),980,420,48,18.0,2.0,100,2960,94,10.0,16,48.0,20.0,40.0,90.0,Other
Subway,Kids Mini Sub Veggie Delite,150,15,2,0.0,0.0,0,190,29,3.0,4,6.0,6.0,15.0,20.0,Other
Subway,"6"" Veggie Delite",230,20,3,1.0,0.0,0,310,44,5.0,6,8.0,8.0,20.0,30.0,Other
Subway,Footlong Veggie Delite,460,40,6,2.0,0.0,0,620,88,10.0,12,16.0,16.0,40.0,60.0,Other
Subway,"6"" Veggie Patty",390,70,7,1.0,0.0,10,800,56,8.0,8,23.0,15.0,20.0,35.0,Other
Subway,Footlong Veggie Patty,780,140,14,2.0,0.0,20,1600,112,16.0,16,46.0,30.0,20.0,70.0,Other
Subway,Autumn Carved Turkey Salad,300,80,9,3.0,0.0,60,1120,26,3.0,22,25.0,40.0,40.0,15.0,Other
Subway,B.L.T. Salad,150,70,8,4.0,0.0,20,420,10,4.0,5,10.0,50.0,50.0,6.0,Other
Subway,Big Hot Pastrami Melt Salad,400,300,29,11.0,0.0,85,1250,12,4.0,4,23.0,25.0,70.0,10.0,Other
Subway,Big Philly Cheesesteak Salad,330,140,16,8.0,1.0,85,1080,17,5.0,6,32.0,60.0,50.0,25.0,Other
Subway,Black Forest Ham Salad,110,25,3,1.0,0.0,20,590,11,4.0,6,12.0,25.0,45.0,4.0,Other
Subway,Buffalo Chicken Salad (with Ranch dressing),360,230,26,4.0,0.0,60,1100,13,4.0,6,20.0,50.0,60.0,8.0,Other
Subway,Carved Turkey & Bacon w/ Cheese Salad,280,110,12,4.5,0.0,65,1320,11,4.0,5,28.0,50.0,50.0,15.0,Other
Subway,Carved Turkey Salad,150,30,4,0.0,0.0,45,680,8,3.0,3,19.0,40.0,40.0,6.0,Other
Subway,Chicken & Bacon Ranch Melt Salad (includes Ranch dressing),510,340,38,12.0,1.0,100,1040,14,4.0,7,30.0,60.0,60.0,30.0,Other
Subway,Cold Cut Combo Salad,180,95,11,4.0,0.0,45,820,12,4.0,5,12.0,50.0,50.0,10.0,Other
Subway,Double Chicken Salad,220,35,5,1.5,0.0,100,490,10,4.0,4,36.0,50.0,60.0,8.0,Other
Subway,Italian B.M.T.® Salad,230,135,15,6.0,0.0,45,1060,12,4.0,6,14.0,50.0,50.0,6.0,Other
Subway,Italian Hero Salad,230,140,15,5.0,0.0,45,1060,13,4.0,8,14.0,40.0,60.0,4.0,Other
Subway,Meatball Marinara Salad,310,150,17,7.0,1.0,30,720,25,6.0,10,16.0,60.0,70.0,10.0,Other
Subway,Oven Roasted Chicken Salad,140,25,3,0.5,0.0,50,280,10,4.0,4,19.0,50.0,60.0,8.0,Other
Subway,Roast Beef Salad,140,30,4,1.0,0.0,40,450,10,4.0,5,18.0,25.0,45.0,4.0,Other
Subway,Spicy Italian Salad,310,205,23,9.0,1.0,50,1280,11,4.0,6,15.0,50.0,50.0,8.0,Other
Subway,Steak & Cheese Salad,210,75,8,4.0,0.0,50,830,14,4.0,6,20.0,50.0,50.0,15.0,Other
Subway,Subway Club Salad,140,30,4,1.0,0.0,40,640,11,4.0,5,17.0,25.0,45.0,6.0,Other
Subway,Subway Melt® Salad,200,85,10,5.0,0.0,45,910,13,4.0,6,18.0,50.0,50.0,15.0,Other
Subway,Sweet Onion Chicken Teriyaki Salad,200,25,3,1.0,0.0,50,660,24,4.0,16,20.0,25.0,50.0,6.0,Other
Subway,Tuna Salad,310,215,24,4.0,0.0,40,370,10,4.0,4,15.0,50.0,50.0,6.0,Other
Subway,Turkey Breast & Ham Salad,110,20,3,1.0,0.0,25,580,11,4.0,5,12.0,25.0,45.0,6.0,Other
Subway,Turkey Breast Salad,110,20,2,1.0,0.0,20,570,11,4.0,5,12.0,25.0,45.0,6.0,Other
Subway,Veggie Delite Salad,50,10,1,0.0,0.0,0,65,9,4.0,4,3.0,25.0,45.0,4.0,Other
Subway,Chipotle Southwest Steak & Cheese Wrap,760,330,37,12.0,1.0,100,2250,65,4.0,7,43.0,15.0,45.0,30.0,Other
Subway,Rotisserie-Style Chicken Caesar Wrap,730,310,34,10.0,0.5,135,1900,53,3.0,4,55.0,15.0,8.0,45.0,Other
Subway,"Turkey, Bacon & Guacamole Wrap",810,380,42,13.0,0.5,75,2970,62,3.0,6,43.0,10.0,30.0,30.0,Other
Subway,Cheese & Veggies Pizza,740,230,25,11.0,0.0,50,1270,100,5.0,9,36.0,35.0,30.0,60.0,Other
Subway,Cheese Pizza,680,200,22,9.0,0.0,40,1070,96,4.0,7,32.0,25.0,4.0,45.0,Other
Subway,Pepperoni Pizza,790,290,32,13.0,0.0,60,1350,96,4.0,8,38.0,30.0,4.0,60.0,Other
Subway,Sausage Pizza,820,310,34,14.0,0.0,70,1420,97,4.0,8,39.0,30.0,4.0,60.0,Other
Taco Bell,Chicken Crunchy Cheesy Core Burrito,610,210,24,9.0,0.0,55,1510,74,5.0,5,25.0,10.0,4.0,35.0,Other
Taco Bell,Steak Crunchy Cheesy Core Burrito,610,220,24,9.0,0.0,50,1520,75,5.0,5,25.0,10.0,4.0,40.0,Other
Taco Bell,Beef Crunchy Cheesy Core Burrito,630,240,26,10.0,0.5,45,1530,76,7.0,5,22.0,15.0,4.0,35.0,Other
Taco Bell,Loaded Taco Burrito,550,260,29,9.0,0.5,50,1130,52,7.0,4,20.0,15.0,6.0,20.0,Other
Taco Bell,Chicken Spicy Cheesy Core Burrito,540,180,20,8.0,0.0,55,1740,66,5.0,5,24.0,15.0,8.0,35.0,Other
Taco Bell,Steak Spicy Cheesy Core Burrito,550,190,21,9.0,0.0,50,1750,66,5.0,5,24.0,10.0,6.0,35.0,Other
Taco Bell,Beef Spicy Cheesy Core Burrito,570,210,23,10.0,0.5,45,1760,68,7.0,5,22.0,15.0,6.0,35.0,Other
Taco Bell,Triple Melt Burrito,410,140,16,6.0,0.0,30,1030,50,4.0,3,15.0,6.0,2.0,20.0,Other
Taco Bell,Spicy Sweet Double Stacked Taco,340,160,18,7.0,0.0,35,640,32,4.0,6,12.0,10.0,2.0,15.0,Other
Taco Bell,Cool Ranch Habanero Double Stacked Taco,350,180,20,8.0,0.5,40,630,30,4.0,3,13.0,15.0,2.0,20.0,Other
Taco Bell,Nacho Crunch Double Stacked Taco,380,170,19,6.0,0.0,35,650,39,5.0,2,13.0,8.0,2.0,20.0,Other
Taco Bell,Double Chalupa,600,310,35,8.0,0.5,50,1010,50,6.0,5,21.0,15.0,4.0,15.0,Other
Taco Bell,Wild Naked Chicken Chalupa,420,250,28,6.0,0.0,65,1070,23,4.0,2,19.0,6.0,4.0,6.0,Other
Taco Bell,Mild Naked Chicken Chalupa,440,270,30,7.0,0.0,70,1090,22,3.0,1,20.0,6.0,4.0,6.0,Other
Taco Bell,Spicy Double Chalupa,600,310,35,8.0,0.5,50,1240,52,7.0,5,21.0,15.0,8.0,15.0,Other
Taco Bell,Double Cheesy Gordita Crunch,570,290,32,12.0,1.0,70,1110,44,7.0,5,25.0,15.0,2.0,30.0,Other
Taco Bell,Nacho Fries Bellgrande,710,360,41,6.0,0.0,30,1420,73,10.0,4,13.0,10.0,4.0,8.0,Other
Taco Bell,Triple Melt Nachos,260,140,16,4.5,0.0,30,550,19,3.0,1,10.0,6.0,0.0,10.0,Other
Taco Bell,Chickstar,620,340,37,8.0,0.0,50,1290,53,4.0,4,17.0,8.0,6.0,15.0,Other
Taco Bell,Crispy Chicken Quesadilla,650,340,37,13.0,0.5,75,1480,51,5.0,3,26.0,10.0,2.0,45.0,Other
Taco Bell,Steak Quesalupa,440,210,23,10.0,0.5,60,840,36,3.0,3,22.0,15.0,6.0,35.0,Other
Taco Bell,Chicken Quesalupa,440,200,23,10.0,0.5,60,840,37,3.0,3,22.0,15.0,8.0,35.0,Other
Taco Bell,Beef Quesalupa,460,240,26,11.0,1.0,50,890,38,4.0,3,19.0,15.0,6.0,35.0,Other
Taco Bell,Stacker,390,170,18,8.0,0.5,40,1050,39,4.0,3,18.0,8.0,2.0,30.0,Other
Taco Bell,Original Triple Double Crunchwrap,700,270,30,9.0,0.5,45,1550,85,9.0,7,23.0,15.0,6.0,25.0,Other
Taco Bell,Spicy Triple Double Crunchwrap,780,340,38,10.0,0.5,50,1850,87,9.0,8,23.0,20.0,10.0,25.0,Other
